N,sequential,concurrent2,concurrent5
10, 6µs, 1µs, 2µs
100, 3µs, 0s, 1µs
1000, 3µs, 3µs, 3µs
10000, 8µs, 8µs, 8µs
100000, 48µs, 48µs, 79µs
1000000, 537µs, 293µs, 203µs
10000000, 6.045ms, 2.077ms, 1.568ms
100000000, 39.821ms, 20.39ms, 14.104ms
1000000000, 2.802117s, 2.527343s, 1.660834s
