N,sequential,concurrent2,concurrent5
10, 17µs, 1µs, 8µs
100, 4µs, 8µs, 22µs
1000, 4µs, 5µs, 7µs
10000, 8µs, 8µs, 8µs
100000, 62µs, 46µs, 35µs
1000000, 476µs, 232µs, 202µs
10000000, 4.948ms, 2.083ms, 2.562ms
100000000, 39.845ms, 20.468ms, 14.274ms
1000000000, 2.880763s, 2.172758s, 1.49887s

