N,sequential,concurrent
10, 0s, 13µs
100, 1µs, 12µs
1000, 2µs, 12µs
10000, 14µs, 19µs
100000, 143µs, 59µs
1000000, 1.411ms, 525µs
10000000, 14.314ms, 5.457ms
100000000, 143.424ms, 55.343ms
1000000000, 9.121028s, 2.935389s
