N,sequential,concurrent2,concurrent10
10, 333ns, 14.75µs, 11.709µs
100, 292ns, 2.583µs, 9.375µs
1000, 750ns, 8.209µs, 7.209µs
10000, 5.208µs, 9.041µs, 9.292µs
100000, 52.792µs, 38.833µs, 28.625µs
1000000, 479.5µs, 386.583µs, 246.875µs
10000000, 3.935459ms, 2.127375ms, 1.526333ms
100000000, 42.674209ms, 20.597333ms, 15.449792ms
1000000000, 3.09684575s, 2.147697834s, 1.439686917s



